FullName,Email,Country
Mikko Virtanen,mikko.virtanen@example.fi,Finland
Anna Korhonen,anna.korhonen@example.fi,Finland
Jussi Lahtinen,jussi.lahtinen@example.fi,Finland
Sari Nieminen,sari.nieminen@example.fi,Finland
Kari Mäkelä,kari.makela@example.fi,Finland
Erik Johansson,erik.johansson@example.se,Sweden
Anna Svensson,anna.svensson@example.se,Sweden
Lars Andersson,lars.andersson@example.se,Sweden
Maria Lindström,maria.lindstrom@example.se,Sweden
Johan Karlsson,johan.karlsson@example.se,Sweden
